id,type,description,location,confidence,evidence
F0001,业务流程,流程 'LabSafetyApp Initialization Flow' 涉及 5 个模块，4 次跨模块调用,"app, equipment_manager, reservation_manager, safety_checker, user_manager",verified,重要度: 20.0
F0002,流程步骤,LabSafetyApp Initialization Flow 中的  (状态变更),:,verified,流程中第 0 层
F0003,流程步骤,LabSafetyApp Initialization Flow 中的  (状态变更),:,verified,流程中第 1 层
F0004,流程步骤,LabSafetyApp Initialization Flow 中的  (状态变更),:,verified,流程中第 1 层
F0005,流程步骤,LabSafetyApp Initialization Flow 中的  (状态变更),:,verified,流程中第 1 层
F0006,流程步骤,"LabSafetyApp Initialization Flow 中的  (校验点, 状态变更)",:,verified,流程中第 1 层
F0007,业务流程,流程 'SafetyChecker Execution Flow' 涉及 1 个模块，0 次跨模块调用,safety_checker,verified,重要度: 6.0
F0008,流程步骤,"SafetyChecker Execution Flow 中的  (校验点, 状态变更)",:,verified,流程中第 0 层
F0009,流程步骤,SafetyChecker Execution Flow 中的  (状态变更),:,verified,流程中第 1 层
F0010,业务流程,流程 'ReservationManager Create / Submit Flow' 涉及 1 个模块，0 次跨模块调用,reservation_manager,verified,重要度: 4.5
F0011,流程步骤,ReservationManager Create / Submit Flow 中的  (状态变更),:,verified,流程中第 0 层
F0012,流程步骤,ReservationManager Create / Submit Flow 中的  (校验点),:,verified,流程中第 1 层
F0013,业务流程,流程 'SafetyChecker Assignment Flow' 涉及 1 个模块，0 次跨模块调用,safety_checker,verified,重要度: 3.5
F0014,流程步骤,SafetyChecker Assignment Flow 中的  (状态变更),:,verified,流程中第 0 层
F0015,业务流程,流程 'SafetyChecker Completion / Close Flow' 涉及 1 个模块，0 次跨模块调用,safety_checker,verified,重要度: 3.5
F0016,流程步骤,SafetyChecker Completion / Close Flow 中的  (状态变更),:,verified,流程中第 0 层
F0017,业务流程,流程 'UserManager has_permission Flow' 涉及 1 个模块，0 次跨模块调用,user_manager,verified,重要度: 3.0
F0018,流程步骤,UserManager has_permission Flow 中的  (校验点),:,verified,流程中第 0 层
F0019,设计特征-guard_clause,register: guard-clause style (4 pre-checks),D:\learn_with_ai\sample_projects\lab_safety_assistant\user_manager.py:17,verified,"lines 35, 38, 42"
F0020,设计特征-error_handling,register: raises 1 exception type(s): ValueError,D:\learn_with_ai\sample_projects\lab_safety_assistant\user_manager.py:17,verified,"lines 36, 39, 43"
F0021,设计特征-state_mutation,"register: modifies 3 state attribute(s): _next_id, users, users._inferred_",D:\learn_with_ai\sample_projects\lab_safety_assistant\user_manager.py:17,verified,from state tracker
F0022,设计特征-orchestration,register: multi-step orchestration (6 internal calls),D:\learn_with_ai\sample_projects\lab_safety_assistant\user_manager.py:17,verified,from call count
F0023,算法特征,register: conditional checks (no loops),D:\learn_with_ai\sample_projects\lab_safety_assistant\user_manager.py:17,verified,"4 guard clauses, no loops"
F0024,复杂度指标,"register: 圈复杂度 5 (循环0, 分支4)",D:\learn_with_ai\sample_projects\lab_safety_assistant\user_manager.py:17,verified,从 AST 直接计算
F0025,设计特征-guard_clause,create_reservation: guard-clause style (4 pre-checks),D:\learn_with_ai\sample_projects\lab_safety_assistant\reservation_manager.py:56,verified,"lines 73, 79, 82"
F0026,设计特征-error_handling,create_reservation: raises 1 exception type(s): ValueError,D:\learn_with_ai\sample_projects\lab_safety_assistant\reservation_manager.py:56,verified,"lines 74, 80, 83"
F0027,设计特征-state_mutation,"create_reservation: modifies 5 state attribute(s): labs, reservations._inferred_, labs._inferred_",D:\learn_with_ai\sample_projects\lab_safety_assistant\reservation_manager.py:56,verified,from state tracker
F0028,设计特征-orchestration,create_reservation: multi-step orchestration (9 internal calls),D:\learn_with_ai\sample_projects\lab_safety_assistant\reservation_manager.py:56,verified,from call count
F0029,算法特征,create_reservation: conditional checks (no loops),D:\learn_with_ai\sample_projects\lab_safety_assistant\reservation_manager.py:56,verified,"4 guard clauses, no loops"
F0030,复杂度指标,"create_reservation: 圈复杂度 5 (循环0, 分支4)",D:\learn_with_ai\sample_projects\lab_safety_assistant\reservation_manager.py:56,verified,从 AST 直接计算
F0031,设计特征-guard_clause,add_check_item: 2 pre-flight validations,D:\learn_with_ai\sample_projects\lab_safety_assistant\safety_checker.py:29,verified,"lines 40, 44"
F0032,设计特征-error_handling,add_check_item: raises 1 exception type(s): ValueError,D:\learn_with_ai\sample_projects\lab_safety_assistant\safety_checker.py:29,verified,"lines 41, 45"
F0033,设计特征-state_mutation,"add_check_item: modifies 3 state attribute(s): check_items._inferred_, _next_item_id, check_items",D:\learn_with_ai\sample_projects\lab_safety_assistant\safety_checker.py:29,verified,from state tracker
F0034,算法特征,add_check_item: conditional checks (no loops),D:\learn_with_ai\sample_projects\lab_safety_assistant\safety_checker.py:29,verified,"2 guard clauses, no loops"
F0035,复杂度指标,"add_check_item: 圈复杂度 3 (循环0, 分支2)",D:\learn_with_ai\sample_projects\lab_safety_assistant\safety_checker.py:29,verified,从 AST 直接计算
F0036,设计特征-guard_clause,perform_check: 1 pre-flight validations,D:\learn_with_ai\sample_projects\lab_safety_assistant\safety_checker.py:59,verified,lines 72
F0037,设计特征-error_handling,perform_check: raises 1 exception type(s): ValueError,D:\learn_with_ai\sample_projects\lab_safety_assistant\safety_checker.py:59,verified,lines 73
F0038,设计特征-state_mutation,"perform_check: modifies 5 state attribute(s): check_items, check_items._inferred_, check_records",D:\learn_with_ai\sample_projects\lab_safety_assistant\safety_checker.py:59,verified,from state tracker
F0039,设计特征-algorithmic,perform_check: sequential traversal,D:\learn_with_ai\sample_projects\lab_safety_assistant\safety_checker.py:59,verified,2 loop(s) detected
F0040,设计特征-orchestration,perform_check: multi-step orchestration (10 internal calls),D:\learn_with_ai\sample_projects\lab_safety_assistant\safety_checker.py:59,verified,from call count
F0041,算法特征,perform_check: state machine transition,D:\learn_with_ai\sample_projects\lab_safety_assistant\safety_checker.py:59,verified,2 loops + 5 state writes
F0042,复杂度指标,"perform_check: 圈复杂度 5 (循环2, 分支2)",D:\learn_with_ai\sample_projects\lab_safety_assistant\safety_checker.py:59,verified,从 AST 直接计算
F0043,设计特征-guard_clause,login: guard-clause style (3 pre-checks),D:\learn_with_ai\sample_projects\lab_safety_assistant\user_manager.py:61,verified,"lines 72, 76, 79"
F0044,设计特征-error_handling,login: raises 1 exception type(s): ValueError,D:\learn_with_ai\sample_projects\lab_safety_assistant\user_manager.py:61,verified,"lines 73, 77, 80"
F0045,设计特征-state_mutation,login: modifies 1 state attribute(s): _current_user,D:\learn_with_ai\sample_projects\lab_safety_assistant\user_manager.py:61,verified,from state tracker
F0046,算法特征,login: conditional checks (no loops),D:\learn_with_ai\sample_projects\lab_safety_assistant\user_manager.py:61,verified,"3 guard clauses, no loops"
F0047,复杂度指标,"login: 圈复杂度 4 (循环0, 分支3)",D:\learn_with_ai\sample_projects\lab_safety_assistant\user_manager.py:61,verified,从 AST 直接计算
F0048,设计特征-guard_clause,add_lab: guard-clause style (3 pre-checks),D:\learn_with_ai\sample_projects\lab_safety_assistant\reservation_manager.py:25,verified,"lines 37, 40, 44"
F0049,设计特征-error_handling,add_lab: raises 1 exception type(s): ValueError,D:\learn_with_ai\sample_projects\lab_safety_assistant\reservation_manager.py:25,verified,"lines 38, 41, 45"
F0050,设计特征-state_mutation,"add_lab: modifies 2 state attribute(s): labs, labs._inferred_",D:\learn_with_ai\sample_projects\lab_safety_assistant\reservation_manager.py:25,verified,from state tracker
F0051,算法特征,add_lab: conditional checks (no loops),D:\learn_with_ai\sample_projects\lab_safety_assistant\reservation_manager.py:25,verified,"3 guard clauses, no loops"
F0052,复杂度指标,"add_lab: 圈复杂度 4 (循环0, 分支3)",D:\learn_with_ai\sample_projects\lab_safety_assistant\reservation_manager.py:25,verified,从 AST 直接计算
F0053,设计特征-guard_clause,cancel_reservation: guard-clause style (3 pre-checks),D:\learn_with_ai\sample_projects\lab_safety_assistant\reservation_manager.py:153,verified,"lines 155, 159, 162"
F0054,设计特征-error_handling,"cancel_reservation: raises 3 exception type(s): PermissionError, ValueError, KeyError",D:\learn_with_ai\sample_projects\lab_safety_assistant\reservation_manager.py:153,verified,"lines 156, 160, 163"
F0055,设计特征-state_mutation,"cancel_reservation: modifies 2 state attribute(s): reservations._inferred_, reservations",D:\learn_with_ai\sample_projects\lab_safety_assistant\reservation_manager.py:153,verified,from state tracker
F0056,算法特征,cancel_reservation: conditional checks (no loops),D:\learn_with_ai\sample_projects\lab_safety_assistant\reservation_manager.py:153,verified,"3 guard clauses, no loops"
F0057,复杂度指标,"cancel_reservation: 圈复杂度 4 (循环0, 分支3)",D:\learn_with_ai\sample_projects\lab_safety_assistant\reservation_manager.py:153,verified,从 AST 直接计算
F0058,设计特征-guard_clause,borrow_equipment: 2 pre-flight validations,D:\learn_with_ai\sample_projects\lab_safety_assistant\equipment_manager.py:53,verified,"lines 66, 70"
F0059,设计特征-error_handling,"borrow_equipment: raises 2 exception type(s): ValueError, KeyError",D:\learn_with_ai\sample_projects\lab_safety_assistant\equipment_manager.py:53,verified,"lines 67, 71"
F0060,设计特征-state_mutation,"borrow_equipment: modifies 4 state attribute(s): borrow_records._inferred_, equipments, equipments._inferred_",D:\learn_with_ai\sample_projects\lab_safety_assistant\equipment_manager.py:53,verified,from state tracker
F0061,设计特征-orchestration,borrow_equipment: multi-step orchestration (6 internal calls),D:\learn_with_ai\sample_projects\lab_safety_assistant\equipment_manager.py:53,verified,from call count
F0062,算法特征,borrow_equipment: conditional checks (no loops),D:\learn_with_ai\sample_projects\lab_safety_assistant\equipment_manager.py:53,verified,"2 guard clauses, no loops"
F0063,复杂度指标,"borrow_equipment: 圈复杂度 3 (循环0, 分支2)",D:\learn_with_ai\sample_projects\lab_safety_assistant\equipment_manager.py:53,verified,从 AST 直接计算
F0064,设计特征-error_handling,"return_equipment: raises 2 exception type(s): ValueError, KeyError",D:\learn_with_ai\sample_projects\lab_safety_assistant\equipment_manager.py:87,verified,"lines 101, 92"
F0065,设计特征-state_mutation,"return_equipment: modifies 5 state attribute(s): equipments, equipments.status, borrow_records._inferred_",D:\learn_with_ai\sample_projects\lab_safety_assistant\equipment_manager.py:87,verified,from state tracker
F0066,设计特征-algorithmic,return_equipment: sequential traversal,D:\learn_with_ai\sample_projects\lab_safety_assistant\equipment_manager.py:87,verified,1 loop(s) detected
F0067,算法特征,return_equipment: general business logic,D:\learn_with_ai\sample_projects\lab_safety_assistant\equipment_manager.py:87,verified,no distinctive algorithmic pattern
F0068,复杂度指标,"return_equipment: 圈复杂度 4 (循环1, 分支2)",D:\learn_with_ai\sample_projects\lab_safety_assistant\equipment_manager.py:87,verified,从 AST 直接计算
F0069,设计特征-guard_clause,set_equipment_status: 2 pre-flight validations,D:\learn_with_ai\sample_projects\lab_safety_assistant\equipment_manager.py:130,verified,"lines 132, 140"
F0070,设计特征-error_handling,"set_equipment_status: raises 2 exception type(s): ValueError, KeyError",D:\learn_with_ai\sample_projects\lab_safety_assistant\equipment_manager.py:130,verified,"lines 133, 141"
F0071,设计特征-state_mutation,"set_equipment_status: modifies 3 state attribute(s): equipments, equipments._inferred_, equipments.status",D:\learn_with_ai\sample_projects\lab_safety_assistant\equipment_manager.py:130,verified,from state tracker
F0072,算法特征,set_equipment_status: conditional checks (no loops),D:\learn_with_ai\sample_projects\lab_safety_assistant\equipment_manager.py:130,verified,"2 guard clauses, no loops"
F0073,复杂度指标,"set_equipment_status: 圈复杂度 3 (循环0, 分支2)",D:\learn_with_ai\sample_projects\lab_safety_assistant\equipment_manager.py:130,verified,从 AST 直接计算
